condition,off_team_pts_scored,def_team_pts_allowed
Season Averages,117.27272727272727,123.13513513513513
"Bucket Averages (LAL vs Bottom 10 Defense, NOP vs Middle 10 Offense)",125.625,122.72727272727273
LAL on Road / NOP @ Home,114.0,123.5909090909091
LAL in Wins / NOP in Losses,124.04545454545455,125.55172413793103
LAL in Losses / NOP in Wins,103.72727272727273,114.375
